Voicing Recall,Voicing False Alarm,Raw Pitch Accuracy,Raw Chroma Accuracy,Overall Accuracy
1.0,0.0,1.0,1.0,1.0
1.0,0.0,1.0,1.0,1.0
1.0,0.0,1.0,1.0,1.0
1.0,0.0,1.0,1.0,1.0
0.0,0.0,0.0,0.0,0.0
0.9934426229508196,0.0,0.9704918032786886,0.9704918032786886,0.982
0.8625081840366645,0.0,0.7666210344622344,0.7857270400571394,0.7666210344622344
