Voicing Recall,Voicing False Alarm,Raw Pitch Accuracy,Raw Chroma Accuracy,Overall Accuracy
1.0,0.0,0.936,0.936,0.936
1.0,0.0,0.998,0.998,0.998
1.0,0.0,0.996,0.996,0.996
1.0,0.0,1.0,1.0,1.0
1.0,0.0,0.816,0.816,0.816
0.9967213114754099,0.010256410256410256,0.8622950819672132,0.8622950819672132,0.912
1.0,0.0,0.869293494434855,0.8750669602999821,0.869293494434855
