Voicing Recall,Voicing False Alarm,Raw Pitch Accuracy,Raw Chroma Accuracy,Overall Accuracy
1.0,0.0,1.0,1.0,1.0
1.0,0.0,1.0,1.0,1.0
1.0,0.0,1.0,1.0,1.0
1.0,0.0,1.0,1.0,1.0
0.31,0.0,0.142,0.188,0.142
0.9967213114754099,0.010256410256410256,0.9704918032786886,0.9704918032786886,0.978
0.9070888637581096,0.0,0.7925718707219809,0.8100708291173144,0.7925718707219809
